Lambda,vp_exp,Tgoal_g,shape1,shape2,shape3,shape4,Tgoal_y,Tper,beta1,beta2,beta3
0.856661351,1.393535135,3.418767291,2.901495387,1.448188025,0.886226876,1.264496474,-5.26200423,2.11964811,0.535140793,0.634323063,0.588627625
1.864955691,1.630858589,4.716548942,2.75247319,3.529170579,0.992230003,2.780515155,-5.203904031,0.130267471,0.536510987,0.136980026,0.574877349
1.522512093,0.865237608,2.995835029,2.756320824,1.817326502,0.777308479,2.393838074,-5.119046189,2.181138515,0.631407389,0.991160871,0.344482158
1.205977024,1.673352553,1.307853234,3.656858316,3.794910494,0.923382506,1.088351076,-2.569669928,0.622658074,0.997547977,0.198341715,0.97577776
1.378916691,1.547013854,1.56086253,2.562073494,3.879778641,0.281579946,2.039413954,-0.312628139,-0.756192287,0.834454716,0.539509281,0.987921869
0.040480516,1.264514027,1.535964088,2.981559848,1.130451911,0.126953733,1.537215829,-5.187492468,2.291408739,0.586537195,0.958487038,0.74546999
0.488044961,1.485571655,2.704943168,2.803795111,3.468781121,0.72302156,2.871138666,-2.280804311,-0.967137492,0.813591601,0.644759524,0.524244665
0.246113764,1.557311875,2.129070585,2.806074743,3.455380204,0.900644188,2.629044019,-0.797062105,-1.240733585,0.04567111,0.085338753,0.211797595
1.973281527,1.435510583,3.10351815,3.49096385,1.631178724,0.972343538,2.645598977,-0.49571787,0.346714065,0.239602157,0.27652919,0.017987896
1.537036763,1.130304152,3.536776854,2.167251544,1.467621584,0.83718848,2.514300039,-1.705516791,2.015000502,0.097832091,0.835077021,0.44648946
1.26262554,1.341209397,5.603375465,3.37742721,1.821395837,0.446950689,2.956916713,-4.76013418,2.905828818,0.514955689,0.993366958,0.176805423
1.646451198,0.819488561,1.155418595,3.792502192,1.71278774,0.659896269,2.052697236,-0.449885044,1.591116027,0.427025136,0.903092686,0.494307706
0.738343249,1.525247019,1.635524969,2.498439423,2.16439215,0.230718145,1.283224985,-4.292668852,1.350048617,0.767886488,0.658832037,0.02995109
1.575893192,1.328057146,3.166472727,3.921787946,1.239941286,0.267834661,2.948467498,-4.130951935,0.341966322,0.511941528,0.896661304,0.387092173
1.546583446,1.658933844,4.906481464,2.211830233,2.221444522,0.935939685,1.417582417,-5.935745379,-2.551594349,0.66983009,0.393158483,0.139470967
0.979575109,1.531079678,1.050601963,1.489291771,3.740276942,0.922716433,2.099219741,-0.10557231,0.326207648,0.510336207,0.695378055,0.199086829
1.614613427,1.383807894,4.508949266,1.550978884,2.495915342,0.60428344,1.698182423,-2.196582419,-0.627729187,0.156702059,0.384819034,0.379188209
1.552273789,1.530015616,1.193114688,2.524727959,1.761162474,0.58641573,2.34854545,-0.626541348,-0.982143806,0.188563605,0.528146565,0.524993125
1.07192317,1.583072048,0.17830267,2.68650396,2.278948447,0.25216068,2.035550519,-4.830777352,0.580406316,0.512427316,0.712361204,0.228368139
1.215759373,1.625391431,2.002878,3.831802668,3.015702855,0.526106381,2.511614902,-3.703565673,1.167421505,0.318774499,0.00692753,0.502834894
1.636262516,1.307012848,5.922269327,2.466304888,2.729914273,0.963435589,1.907245686,-1.350199233,-1.836503847,0.75025637,0.692440206,0.433796947
0.641353528,1.37716027,2.208239824,2.088019836,3.522868335,0.562374325,1.75657594,-5.029305663,-0.506729034,0.576396161,0.990612089,0.300583641
1.827291048,0.999952271,4.805417398,1.938186152,1.995310189,0.666495358,1.171918375,-3.275126882,0.186775863,0.556125366,0.634702416,0.473205581
1.15641513,1.317015585,4.766003774,2.180203731,3.646741074,0.219667369,1.439270592,-0.575219276,1.141712434,0.507953455,0.003037486,0.981061695
0.733556428,1.555831779,4.962550909,3.356052192,1.366238507,0.171646435,2.625652915,-3.552565755,-2.73869244,0.047697809,0.676046523,0.485622805
0.51409939,1.653364783,1.506646729,3.431359227,2.450293027,0.230118606,1.910189194,-1.897137273,-2.923848917,0.305183117,0.71382633,0.589846258
0.266566281,1.393426023,3.263245661,2.492515049,2.450510363,0.490559312,2.707206222,-5.59463607,0.226867227,0.107037323,0.1262954,0.448493743
0.795282656,1.171267528,5.537427189,3.604366449,1.190298443,0.124467514,1.865869634,-0.692457494,0.841892237,0.40847635,0.958021073,0.631184614
1.991206568,1.332532747,5.338703266,1.673143262,3.789121602,0.437404082,1.665919922,-1.724334914,0.203777719,0.467642559,0.930669992,0.967269166
0.883479009,0.839584698,2.250264926,1.041400497,3.416688205,0.236706875,2.823108768,-3.460154068,-2.663757003,0.179094038,0.962161555,0.482241652
0.519901742,1.651234761,4.170418019,3.378844217,1.929636094,0.468183935,2.986513162,-2.018639485,1.676725906,0.06424857,0.729046579,0.45867816
0.108644435,0.865425775,5.884555802,1.31508997,3.959477909,0.910622706,2.687094645,-0.4053713,-2.712425996,0.550384744,0.693079338,0.249453968
1.086573986,1.276705163,1.835855933,1.960570994,2.413062104,0.343508657,2.505242424,-1.367798959,2.37636686,0.202325581,0.709424377,0.336813862
1.597617124,1.035159465,3.293272596,2.106846598,2.680694196,0.571424783,1.603412139,-1.888573935,1.174547301,0.432319574,0.84109894,0.05379324
1.732420907,1.62441844,4.113675517,2.567731539,3.680061847,0.665222188,2.166019533,-0.467146599,-2.416571997,0.581571931,0.274935531,0.829376256
1.446477019,1.553607351,4.040506537,1.519593805,2.944091795,0.159768301,2.6854215,-3.940671897,-1.092985121,0.619295595,0.21023221,0.867358843
0.535561411,1.534170055,4.983338348,3.367081008,3.964691169,0.583319407,2.222567354,-0.995940389,2.317464432,0.868160165,0.364502565,0.618879692
1.237221052,1.610173093,3.836275006,2.694598663,1.082250036,0.271255392,1.021924409,-3.403290443,1.217552804,0.738263205,0.838145687,0.428359001
1.375239353,1.514705689,1.935918233,2.463030971,2.320199201,0.572439956,1.427164448,-0.644352475,1.187794815,0.793747439,0.36690634,0.058252081
1.573729439,1.460061108,1.931516645,3.154434049,3.165824498,0.534588845,2.405625822,-1.756057955,-2.525640399,0.141603898,0.692665188,0.483731366
1.862000605,1.301142,3.078606581,3.141069072,1.579823055,0.285227347,2.742444197,-2.219553898,-2.391648006,0.09355763,0.439338585,0.459295012
1.263768027,1.554689268,0.257104483,2.840373177,3.730312115,0.455604794,2.726714985,-2.027788029,-0.778538605,0.250058319,0.696363551,0.576153093
1.526308551,1.084244224,4.454640871,1.87877154,3.452337732,0.513078843,2.186695051,-4.798958201,-1.256331088,0.084362333,0.546336858,0.538755529
0.550556978,1.338187018,0.991791365,3.63392378,2.100555961,0.587774266,2.222579132,-2.646802367,2.83991853,0.781196143,0.830707771,0.269162527
1.881665338,0.902822436,5.698895971,2.110799063,1.624717794,0.254334071,2.67403527,-2.001365405,-0.700151133,0.053878486,0.40311241,0.093102849
1.536381027,0.866772571,1.1647544,2.547892043,3.398939753,0.430756217,2.31118837,-0.036186205,1.762829557,0.235314876,0.97369667,0.163927019
1.122247935,1.230951165,3.411430188,3.087290974,1.890005885,0.771141493,1.197425984,-3.864294688,0.139943798,0.502556042,0.968561823,0.196099096
0.515030669,1.699216778,5.311517418,2.549816318,3.503728117,0.810239879,1.948661538,-1.728562592,1.578690548,0.020293023,0.626938504,0.270697596
1.053701658,1.550688859,3.083459236,2.968476328,3.101381826,0.520061369,2.922868758,-3.983879296,1.592741734,0.457217687,0.98344596,0.899724292
0.884174355,1.380084857,2.496283435,3.478179098,2.58929683,0.455223695,1.049219525,-2.318046733,1.545972499,0.38154617,0.9886127,0.415544457
0.895552594,1.585048155,2.976955634,1.159394437,2.21170518,0.524410169,2.145110508,-5.446605473,2.393017469,0.126286275,0.774611589,0.365013522
1.075440379,1.367353896,4.474016966,1.77151475,2.195447609,0.111198182,1.271860744,-4.86300187,2.552803237,0.076580761,0.793206056,0.540109869
1.702126777,0.851460321,5.233641745,1.250528949,3.357078418,0.367688859,1.455053409,-5.743603158,-2.084172499,0.939457208,0.993586377,0.818384538
1.658357137,0.915263743,1.330137918,2.073900307,1.461400242,0.659493838,1.466111591,-4.080935301,-1.792463925,0.084004173,0.836684473,0.176066962
0.763822791,1.517427691,3.437323151,1.843448014,1.239612992,0.96136691,2.58886804,-1.576454518,1.271553563,0.489959341,0.862393786,0.659008475
1.038647916,1.566661495,2.978101267,1.764784139,3.821827939,0.397060305,2.965712337,-2.614203087,-2.80646081,0.363955722,0.441878389,0.292341727
0.986460966,1.005300732,5.990947953,3.367960998,3.748864429,0.790536244,2.278519845,-3.196044508,-1.8080881,0.300730695,0.943581331,0.467998586
0.09248481,1.58502571,0.500026214,2.786133731,2.435024922,0.114463867,2.511743218,-5.497481333,1.459341917,0.863281657,0.781635462,0.212726774
1.414766008,1.402212118,3.379226225,2.06263863,1.532817359,0.648870283,2.069410995,-5.355407035,0.477376731,0.096498158,0.007552336,0.484361336
1.011746861,1.62744621,0.157951659,2.507845306,3.432804887,0.366060453,1.262242113,-4.622044045,-2.252494532,0.551767501,0.27834976,0.888801259
1.159630122,1.472066006,4.953274504,3.456258804,1.368930128,0.273869889,1.115670651,-4.226369283,-0.862373406,0.646806418,0.563514089,0.998333127
0.788421429,0.944328145,2.745751349,2.634630953,2.597840532,0.372769637,1.552836621,-2.146247747,-1.960491894,0.442181002,0.878240912,0.027646483
1.895494414,1.577453992,2.679607365,1.609450249,3.448538454,0.624486259,2.83348503,-3.698801186,-0.514186436,0.082207376,0.100685795,0.503590401
0.085473409,0.888877281,1.389856199,2.939602247,2.214094214,0.859968052,2.835084798,-3.352130437,-0.715095967,0.023724745,0.999530588,0.841306071
0.725344038,1.393606584,2.802223895,3.859880292,1.781257417,0.257239106,2.867689275,-4.692152695,-2.916269771,0.650954752,0.995641394,0.304353116
0.959378302,1.443385462,2.326104983,1.629766978,3.464565196,0.831348797,2.899091485,-1.737826441,-2.792287027,0.146988741,0.939878101,0.330038709
1.422586945,1.178564839,5.044349721,2.463369458,2.415297935,0.740196974,2.922789986,-2.422106677,-0.843344817,0.129053472,0.737443877,0.353583245
1.331945989,0.804701358,3.492091036,3.704573571,2.995021665,0.805764033,2.885312724,-0.347672472,-2.370503102,0.009736853,0.856676253,0.436052169
1.744028065,1.113594079,3.827054961,2.507670214,2.062503562,0.45217095,1.533805982,-4.868832855,-2.248403203,0.060813996,0.439966531,0.486328722
1.05237185,1.448489553,2.98064079,1.211584233,1.509719047,0.566763947,2.860107208,-0.711652488,2.891232735,0.094416219,0.754657242,0.552125095
1.896321339,1.342140926,0.331061767,3.904010141,3.860568899,0.579569133,2.71591994,-3.973376146,2.466107175,0.569508415,0.423852892,0.609087668
0.973281937,1.194195652,0.164949575,2.811552861,1.974875334,0.523147979,1.662960401,-2.316921747,0.970079873,0.044534887,0.209401182,0.502800514
1.178954675,1.40436733,0.531478724,2.711722507,2.548047747,0.416150317,1.098523152,-1.280607541,1.142509144,0.683426813,0.582245145,0.947474504
0.696412163,1.560760984,2.012403135,3.096782173,3.176735199,0.124266463,1.763628467,-3.884387174,-1.878709149,0.502696893,0.033896912,0.05088521
1.272926317,1.068247108,4.920035474,2.49175928,2.715754703,0.471009078,1.26575311,-4.80351066,0.83621085,0.605154952,0.474215822,0.394188994
1.447217489,1.473767712,2.011363999,1.565568266,2.208820065,0.636297921,2.965627635,-3.12139901,-1.179352261,0.012424873,0.837111745,0.42988106
0.08524969,1.164145602,5.953175137,2.411842137,3.630930714,0.533901092,1.197422831,-2.219579659,-2.19950467,0.266320674,0.890983214,0.297149963
1.047061328,1.641102685,1.354116842,2.72645333,3.832847391,0.211933676,2.041172615,-3.158063194,-0.268741547,0.235066921,0.793078805,0.411319381
1.663852994,1.614898105,5.416198711,3.304082819,2.622648664,0.206176606,1.171092717,-4.152046176,-1.979538916,0.566742136,0.510213558,0.591931643
0.83261621,1.277864845,1.665617231,3.47440242,3.661047163,0.84576564,2.951228677,-4.555215368,-0.506304436,0.793950023,0.876510751,0.08174502
1.34157883,0.815252794,3.86258582,3.180255122,2.939978573,0.388745746,1.400527975,-0.302725758,-0.336250035,0.315638722,0.482704572,0.467227143
1.790812731,1.019279008,0.545315457,3.637416625,3.861122384,0.541078504,1.538065172,-3.644184294,-1.931977315,0.504060091,0.08245392,0.882371297
1.532587435,1.5034637,5.022423928,3.844616288,3.109135861,0.748000023,1.292005262,-2.337980397,1.314836751,0.572564315,0.4239672,0.917237038
0.333597598,1.288432345,5.971112314,1.437781469,3.334864921,0.578780345,1.620935098,-5.572850072,1.739774248,0.611288976,0.252428734,0.36143584
1.603505272,1.38619321,3.675584868,3.849953527,3.119066677,0.118798912,2.123208001,-0.145775058,-0.319040204,0.554337335,0.145666164,0.847428445
0.91579428,1.583446214,5.685906526,2.97015172,2.821372976,0.390862171,1.839927637,-0.59912857,-1.258433649,0.316578885,0.682669901,0.178684249
0.340150094,0.949484465,4.010588704,3.82312036,3.296733916,0.824146059,1.830350735,-1.601965646,-1.580003592,0.488501542,0.483086512,0.960693197
0.789869017,0.871596156,2.830708224,2.622436684,1.585187674,0.939972127,2.496562467,-1.04221939,1.937552035,0.519389263,0.7395271,0.525476826
0.871143657,1.22026314,3.140078214,1.400581449,2.33221317,0.917141414,1.427230992,-5.289602696,-1.536155635,0.370937288,0.960426871,0.912160317
1.443954196,1.670509895,2.449109657,3.075377663,2.068601236,0.77300247,2.929907438,-3.398788397,-1.922921351,0.427493227,0.552427628,0.054176093
1.103014367,1.366320095,2.876322906,2.116481456,2.301523962,0.638576792,1.176974923,-2.59879251,0.832943946,0.604177993,0.507281118,0.555550202
1.801047446,1.604795278,5.172256233,1.634490938,2.114036256,0.425687901,1.547808377,-3.852680065,1.990360095,0.535582073,0.597028516,0.374936328
0.758376411,1.457831788,0.115905937,2.563637207,1.686224039,0.172003131,1.908683863,-3.677317088,-0.369145627,0.070397059,0.471049713,0.105533551
0.354060247,0.944967916,3.130193821,2.757998882,1.774105057,0.967349689,2.793556465,-0.443636641,0.549477476,0.533022602,0.653760428,0.261655827
1.741763304,1.694979806,4.916107313,1.005336987,1.274459441,0.281309696,1.254826337,-5.800458414,-2.966141639,0.665748892,0.413703881,0.925720242
0.010163244,0.816787484,3.77010385,2.437513219,1.961669883,0.683581477,2.724042052,-4.378254608,2.786509691,0.552732467,0.907995017,0.680974252
1.775584209,1.396399414,5.807475356,2.513695973,3.854074706,0.371577388,2.248016912,-2.838592005,-1.14023202,0.700625374,0.629939795,0.090012279
1.514162606,1.048953826,3.033724754,3.618436733,3.543325373,0.887118743,1.525925699,-2.681062058,2.355568376,0.727357146,0.808614989,0.863595889
0.740269968,1.49008012,5.450318907,3.827777385,2.409835657,0.103227663,2.020668434,-5.815949903,-1.375920283,0.549046675,0.103234421,0.266597106
1.272148026,1.358496168,5.162767709,2.224460728,1.134240019,0.342209897,1.400490602,-3.653143702,1.919431318,0.932780835,0.787444786,0.075884892
0.67409918,1.61303809,1.970395633,3.721553735,1.618059373,0.493119487,1.390880797,-5.250290439,-2.771808491,0.717252726,0.86807536,0.048225919
1.227532338,1.456026999,2.491636573,2.170154347,2.715006402,0.931677943,2.33114995,-4.636255302,1.639735289,0.835617393,0.602026408,0.078840126
1.580959988,1.369174415,3.643981084,2.27925309,2.424242678,0.539254877,2.194590417,-4.7611651,-2.617877137,0.725647913,0.849462767,0.745838835
1.8669727,1.304956525,4.841510455,3.926301274,2.367835226,0.558747984,1.391308232,-1.220356262,-0.662014978,0.638507389,0.590396329,0.365791431
0.890903073,1.656051724,0.991182286,1.071577646,2.329297362,0.735129279,2.276386809,-1.689486899,-1.298748328,0.504134585,0.284365451,0.137439164
0.237492677,1.399062881,0.136525661,3.079223682,3.32296984,0.732829642,1.958554911,-1.63132111,-0.111252354,0.72460948,0.61557725,0.724037838
0.855498726,1.477725701,1.299632935,1.073887274,3.506550817,0.491497063,2.927251961,-3.620477312,-2.863676117,0.460119525,0.29755715,0.825452462
0.192151616,1.121931662,0.830196874,1.26348844,2.112622772,0.724051617,2.582601489,-0.27003029,-2.195094216,0.694289457,0.41276714,0.501705227
0.693498683,1.607980026,0.958342894,2.810386445,3.38128049,0.57310498,1.002741981,-4.546385074,1.303388701,0.577830536,0.974486435,0.989730652
1.214994174,1.542773912,2.977719511,3.884681532,3.886473589,0.124929961,1.444213436,-3.950701338,0.908711571,0.295481116,0.875187948,0.321489548
1.375064097,1.308816474,4.745082332,2.74294888,3.361871675,0.172033887,2.814250011,-3.30922682,-1.894359976,0.153206062,0.992232903,0.543691271
0.834124251,0.891113466,2.453202618,1.739521189,2.423453643,0.110838829,1.311464803,-4.580087737,-1.7860482,0.421205202,0.713947541,0.112535084
0.984856507,1.531743326,1.311784579,1.138518908,1.111138398,0.108262761,2.152000921,-4.187899027,-2.510097044,0.562389058,0.268177019,0.288160324
1.438979969,1.596359054,1.04739904,1.562579816,3.613490872,0.888137758,1.16960486,-4.760165979,2.451520729,0.294557194,0.695209903,0.538983402
1.306609493,1.590432294,2.486730279,1.392541182,1.866277557,0.333590802,1.425596267,-1.484237239,2.233708156,0.449439025,0.752306244,0.846211362
1.717268045,1.699506985,1.474955967,3.621141706,1.823043336,0.754206066,2.637831356,-4.562047869,-2.070740561,0.367928865,0.205078662,0.336048469
0.568024932,1.695527769,4.174734238,1.108684736,3.071584063,0.450803831,1.78143645,-4.260015325,-0.21868636,0.943187836,0.331547055,0.97854586
0.900325452,1.611716527,2.303590038,2.262165686,2.884750244,0.682860284,1.67902496,-1.069530712,2.761554429,0.448596693,0.609243538,0.078770795
0.125527851,1.677776163,1.688086817,3.558993431,2.083780432,0.868153762,1.735991498,-0.668918531,0.443423421,0.652615157,0.532359989,0.682587004
0.357758207,1.682801298,2.485950388,1.109833212,3.982892342,0.347477792,1.723587196,-1.771326364,-1.720627095,0.55504924,0.210494981,0.842428103
0.230161003,1.192083286,5.758669841,3.889415899,1.525232183,0.286667457,2.863955944,-2.035890934,0.863498316,0.551091348,0.412793241,0.865263721
0.546545688,1.456112783,5.111985687,2.35472883,3.278791973,0.638176759,1.954715012,-5.786622263,2.750039045,0.391238819,0.406200531,0.260836224
1.755248671,1.493141798,3.259221365,2.692658092,2.14375436,0.6507391,2.920886732,-3.943755603,2.170252423,0.677555607,0.81751049,0.935587672
0.072671741,1.415016856,2.984352351,1.549530986,3.337842226,0.585066044,2.767158287,-4.530581221,0.329593886,0.084981109,0.870198137,0.386369149
1.187583266,1.508181497,2.674470182,1.126869896,1.425934272,0.595557677,2.794714362,-3.935050749,0.381308816,0.301839632,0.2901634,0.735097911
1.416431524,1.360303361,2.406796527,3.62602488,2.349242649,0.245437661,2.724445409,-3.247814726,2.729371927,0.291100223,0.808736473,0.357558226
1.309031576,1.032769483,5.558254426,1.555462113,3.858585662,0.833663619,1.417258954,-4.791715636,-1.677289041,0.433600156,0.215490327,0.401888581
1.364203184,1.182720933,0.130335923,2.616846054,2.22624846,0.59984508,1.351724525,-1.917966582,-0.510798951,0.508819886,0.65098364,0.22258256
0.529232995,1.443444807,4.345117085,1.924489595,3.697129031,0.55540878,2.758554835,-5.344512223,0.199660681,0.53741066,0.296702921,0.557940581
0.181095821,1.385313098,3.222413131,2.743184301,3.841065503,0.463455415,2.90182312,-3.576125611,-2.390845162,0.613752291,0.281786854,0.925938916
1.56770435,1.510503133,3.386192823,2.211291928,3.768426976,0.519931471,1.797852273,-5.669042925,-2.678512849,0.610601225,0.919352357,0.636331804
0.775585912,1.590551743,1.041412884,2.932250422,3.007918778,0.451772363,2.421945901,-4.190493312,-0.402292644,0.976190306,0.868246287,0.575664446
0.887014987,1.513110543,5.033058656,3.297201746,2.602795416,0.949176959,2.312916018,-2.663864747,1.377472769,0.814046687,0.87276816,0.094288166
1.526927239,1.296539724,1.099802681,3.163302921,1.132324829,0.55643466,1.602141807,-4.158764669,-2.614719507,0.854866001,0.982318251,0.711972579
0.921430971,0.974604683,3.285011964,2.034530876,2.796999477,0.347773096,1.613726659,-5.204274876,2.915481661,0.63839304,0.462701195,0.700377926
1.425768308,1.168476951,2.675611848,2.562722113,1.145377589,0.717859989,2.602437315,-2.446555208,-2.938379752,0.76071675,0.809750413,0.064656863
0.275681276,0.931863676,2.794836776,2.789873565,2.015370964,0.988461827,1.332349509,-4.004685522,2.884071005,0.849356231,0.796948368,0.095652151
1.210736942,1.248212663,4.28832898,3.393701217,3.75294633,0.888173761,1.288000778,-0.775822564,-0.517754373,0.655069053,0.360197103,0.887554908
0.990286358,1.587332908,5.285933021,2.866327378,1.520337446,0.5795524,1.787630776,-3.137433789,-2.614876623,0.642696469,0.70107412,0.11324828
0.454393169,1.155758417,0.638084926,3.664844003,1.122234206,0.958096758,2.860087172,-2.078841085,-1.353682105,0.193567949,0.840102055,0.459232988
1.681115163,1.169699434,3.32680221,3.560050929,3.601745034,0.70489752,2.815827556,-2.018484512,0.820696499,0.486299336,0.742898564,0.588664483
0.752772806,1.551578631,3.954403096,3.617637604,1.671069265,0.840679634,1.790436981,-5.937121421,2.662879393,0.637900579,0.472053013,0.751714558
1.918707584,1.202335239,1.286711832,2.491770376,3.223860957,0.934411849,2.858523293,-3.344064399,-0.037461062,0.161102571,0.452958125,0.333014667
1.066213378,1.591148326,1.7401758,2.005183574,3.395664928,0.287963849,1.567507668,-4.387287229,2.880255825,0.902299603,0.089962763,0.71306093
0.146041289,1.25658958,1.914192997,2.469785253,1.081593177,0.72000687,1.543829932,-5.108597876,1.50075436,0.565752595,0.778457189,0.190221113
0.880130254,1.338043124,2.685193194,3.399811398,2.793151605,0.597699605,1.313323939,-5.207604908,1.48907173,0.916774518,0.997915967,0.885245238
1.075694813,1.106632682,2.766446345,2.750852954,3.798933017,0.92494226,1.157176417,-0.240063847,2.410637679,0.781791274,0.872767407,0.254233311
1.646666335,1.433027562,5.856296526,2.356375276,2.814131731,0.255600781,1.80782353,-0.358024494,2.81623498,0.889416186,0.966094906,0.046252926
0.551424442,1.502341682,3.388700552,1.33650195,2.629578016,0.272952632,1.835912217,-2.940066223,2.79224885,0.315898418,0.619233642,0.576248813
0.050050767,1.658073165,3.737846648,1.156534527,3.476823806,0.606872987,1.040388188,-0.993782769,-1.485652078,0.529045104,0.505765482,0.818036587
0.123581088,1.349495427,0.831116621,1.215089125,3.069837216,0.349073268,1.568868501,-2.510617552,1.412143739,0.445247916,0.799042347,0.188399981
1.900437926,0.904565406,2.139229709,1.783512844,1.957818848,0.269520546,2.347856815,-2.459415037,1.774489761,0.652191772,0.854752937,0.023159783
0.784167063,1.6423152,4.707477032,2.418048648,2.242111668,0.478994008,1.913334333,-5.056909287,-0.134697805,0.605859635,0.562427729,0.76976993
0.580679553,1.667893417,0.199070842,3.173156139,1.559677804,0.872753243,1.40914102,-4.654590483,-2.5921267,0.444684675,0.235138548,0.892831205
1.865491084,1.22465556,5.244648737,3.344066635,3.515101533,0.849450148,1.596314305,-3.017231399,1.511663719,0.624573141,0.326102159,0.296223425
1.181714378,1.470198809,1.717522946,2.009413623,3.032727967,0.982907649,1.606582305,-3.345646441,-1.90900165,0.540793502,0.052087365,0.515182807
1.153458406,1.659387499,0.605579195,2.426461585,1.734886555,0.606382333,1.805071096,-1.939413272,0.322757285,0.782734571,0.928124937,0.008402138
0.390509052,1.550219548,3.283794118,3.061409681,1.511800895,0.991251336,1.611680067,-5.154041355,1.508821534,0.18966239,0.138813664,0.541523459
0.922428069,1.168883089,4.448248376,2.0176599,1.280922345,0.49616824,1.921585963,-4.50506233,-0.387212964,0.940705989,0.641673392,0.981814038
0.039461435,1.120121408,3.404709394,2.081081032,2.310532068,0.663922643,1.06520682,-1.801792469,-1.662034001,0.604469664,0.906477541,0.209566949
1.850010233,1.678689522,3.712932604,2.990344406,1.228541137,0.865847603,2.042596485,-5.264493221,2.930413409,0.286906343,0.314352117,0.447876738
1.139478608,1.18347377,1.433389258,2.193984359,3.501762281,0.803370656,1.369814813,-5.806850118,-2.13836563,0.525175365,0.818344788,0.828267627
1.719826284,1.452256378,5.591526571,2.767445046,3.399251188,0.106130767,2.994346023,-5.135404526,1.58702626,0.632501717,0.472257338,0.987149508
0.337767099,1.412142759,1.379565804,3.920951898,3.383325053,0.532612181,2.304292546,-0.321255404,2.497667561,0.591314616,0.193806506,0.860746492
0.550184801,1.452610779,0.955407884,2.901542457,3.28876328,0.96070686,2.321502952,-0.331587056,2.028418075,0.18206409,0.668520705,0.399442527
1.038038034,1.481828522,5.397131049,2.038624402,2.234729574,0.176535791,2.219098659,-5.170663232,2.83240875,0.608796862,0.82478553,0.323576875
1.150889022,1.180136496,4.994938641,3.347083293,2.393292995,0.115130561,1.058787517,-1.685009081,-2.373836477,0.790729971,0.636961216,0.135000598
0.308453968,1.262129346,4.141458356,2.08217025,2.697505706,0.430848183,1.936896581,-2.37023644,0.228302628,0.500007304,0.165110554,0.441343661
0.14743722,1.692662083,2.401943137,2.438128189,2.995515849,0.87895957,2.865157177,-0.419753962,-1.127799407,0.717832166,0.632197669,0.890985851
0.961761214,1.215761814,0.04729257,3.196396947,1.885534699,0.976563554,2.151703406,-5.658345188,-0.833627445,0.70515558,0.770734827,0.700614162
0.278627375,1.282434786,4.090075731,1.790071242,3.561236802,0.660104057,2.908162119,-3.490304355,-1.30948602,0.438546443,0.200813543,0.675899732
1.109219621,1.20300841,4.218578801,3.896314218,3.446134461,0.291107022,1.76590383,-4.916700656,0.155301632,0.808310594,0.782171518,0.930665278
1.878824927,1.595226956,4.521790471,3.831482783,1.181607438,0.489633102,1.345453155,-5.966864254,-2.494266794,0.681540584,0.651666631,0.947531743
0.876342726,1.503896287,0.66859785,1.980363517,1.629930723,0.196085303,2.517791581,-3.072377759,-2.408857515,0.020657018,0.056542175,0.412155063
1.384680317,1.270075853,3.830737533,3.082861826,3.955885599,0.260500603,2.970995152,-3.048683069,-2.542588367,0.680146398,0.627646479,0.838964768
1.299662893,1.082637117,1.73885712,2.508345649,3.704694666,0.265450252,2.879932716,-0.50890841,2.656094921,0.704196997,0.585197779,0.642821592
0.031499407,1.46789034,1.750688235,2.083157498,3.508538402,0.439888888,2.340550134,-5.269499205,1.56297531,0.825541951,0.557834541,0.54958534
1.733623292,1.669248693,2.918604064,2.682437422,3.2012207,0.189687075,2.624101102,-5.758077329,-2.453187414,0.293557295,0.98500634,0.463653469
0.72771152,1.659081617,0.350321567,2.213612775,2.700231487,0.118558074,2.260034992,-3.038542635,1.085796709,0.600196817,0.548077182,0.458871357
1.050197266,1.078361873,2.815903067,2.272023277,3.360360931,0.409385875,2.868648142,-3.228418718,0.129408239,0.474143132,0.629257985,0.84321872
1.028067544,1.431122405,5.808455317,3.661234135,2.368813064,0.930642229,2.789928401,-3.947463578,1.304410483,0.631078198,0.743951275,0.69550222
1.495919113,1.624390544,3.538961826,2.712224821,1.252085783,0.926065713,1.23520985,-3.131528199,-2.744660206,0.709807199,0.788065034,0.200713718
1.871786338,1.486463215,5.832795426,1.754229643,1.428393526,0.2875351,1.437947914,-4.46706023,-0.617979905,0.682236285,0.608694573,0.117974331
0.737818988,1.17580975,0.438081827,1.51139426,3.462049454,0.535001251,1.930040458,-1.074777367,2.349767207,0.091560105,0.034209273,0.191751683
1.688828745,1.672999839,4.284959632,3.647052905,3.785870325,0.482160226,2.442593333,-2.417142576,2.287225017,0.684551347,0.629817682,0.523714139
1.679388458,1.511726135,2.35930456,3.17353394,1.111012954,0.107260792,1.942519556,-1.383021034,-1.03985586,0.9769947,0.72961219,0.426928825
1.008496331,1.315728732,5.484067139,3.541819123,3.100854652,0.459901318,2.83426324,-2.06935482,1.339466238,0.457148121,0.628242595,0.698109959
1.877416703,1.698408927,0.863034449,1.725668136,1.195777265,0.860175013,1.964710071,-1.907947389,-0.980676324,0.559918159,0.375264561,0.680390407
0.638964697,1.396453338,1.645400796,2.116470355,2.446039326,0.553565568,2.736487338,-0.130894255,0.122760937,0.539577277,0.707279591,0.247474528
0.365905597,1.491543668,4.802792137,2.111837926,2.66833231,0.994041369,1.677144032,-3.150934529,-2.059155814,0.005377003,0.476783579,0.135633145
0.447418132,1.542104579,3.755747545,3.007693956,2.947475935,0.996922002,1.327750643,-2.689400522,-1.693620202,0.542713096,0.555313595,0.885528471
1.029422495,1.112171729,5.79513339,1.54735781,2.478734052,0.82708061,1.137686742,-4.176895485,-2.475047214,0.402477379,0.320525544,0.23347641
1.702528369,1.273481582,3.53463853,2.829996039,3.700781967,0.703740831,2.951618225,-2.094253387,-2.911876268,0.630504477,0.568900074,0.57728752
1.786161966,0.925721537,4.003271492,1.881489572,1.747047054,0.36153613,2.288621586,-5.049118162,-1.723528084,0.416359915,0.928528292,0.447389595
1.623501519,1.632214629,4.55117285,2.730650341,2.810770413,0.867757316,1.684099855,-5.785295318,-0.962523826,0.839908381,0.593014115,0.59377203
1.776951605,1.322354123,0.213707876,2.429452669,3.356305095,0.586911119,2.378537369,-2.856119284,-2.697212158,0.471590042,0.878014391,0.175472004
0.48366692,1.168387894,2.415625519,1.446723072,1.758608386,0.638854786,2.876890741,-1.849120561,-0.278258318,0.43416682,0.816335187,0.143077099
1.252760151,1.137679319,5.755200998,1.969312114,3.639288831,0.350967468,1.868892575,-1.873794078,-1.130281957,0.580654998,0.363811079,0.66462609
1.160134633,1.35734972,5.891139365,2.004268151,3.205429257,0.370324986,1.54717828,-3.70673846,-1.236360866,0.641120897,0.85616706,0.587484418
0.540590305,1.508096086,3.241589765,2.444588064,3.97096305,0.983666047,2.035102307,-1.486126752,-0.873857985,0.469728165,0.518297562,0.146252101
1.154274291,1.008788386,4.157250855,2.223477303,3.176805386,0.282891847,2.143051137,-0.398668357,-1.254611956,0.624812031,0.952928266,0.455316672
1.329469071,1.040029651,4.517343206,3.557651314,3.350045825,0.531096619,2.064535136,-2.48089373,0.71936154,0.655429115,0.620973169,0.284050442
0.019055564,1.628584157,1.039857725,1.510807439,3.496638536,0.32880995,1.60348243,-5.0843438,2.08210095,0.533909204,0.175140067,0.82317729
1.086299759,1.610264231,4.487543951,2.654143686,2.431682731,0.48710721,2.388160013,-2.783962739,-0.142315307,0.715150843,0.785630625,0.949340686
1.482821282,1.687333658,3.171713227,2.77045016,3.68458309,0.255000079,1.912836394,-2.825112382,-2.890462199,0.660492841,0.415639251,0.059903239
1.255699066,0.958658426,5.704786725,2.406008766,2.906636664,0.169073966,1.174580615,-0.655991927,1.504035236,0.814965206,0.995536557,0.224859053
0.578091737,1.435571852,1.857237708,1.677076553,1.452053101,0.98752924,2.727557308,-5.32485577,0.260778254,0.563493584,0.533237172,0.050507759
0.459615128,1.174547072,5.651585723,3.807961983,3.675218715,0.534460732,2.22424197,-2.919402714,1.96411153,0.784418507,0.757661236,0.740293817
0.973747456,1.324030772,0.643088841,3.35735003,3.625506409,0.781039211,1.117144371,-1.490533202,-2.119775832,0.586450566,0.296209341,0.826727551
0.026562637,1.542619439,5.210752278,1.772566506,2.522307281,0.418661641,1.742819556,-1.106877557,-1.579873729,0.58550332,0.060795266,0.440979406
1.799093751,1.590525845,5.267669108,2.314026239,3.68328011,0.311765285,2.39436922,-3.808909602,2.360521662,0.76071095,0.645945434,0.329334817
0.036396232,1.288322964,5.689925173,2.20501209,3.385764997,0.48244229,1.954546223,-4.193748724,2.040672356,0.543432876,0.679259396,0.238593755
0.869142401,1.578251795,5.240614909,3.007778503,2.18402247,0.752919724,1.647075744,-3.93761174,-1.310149323,0.732346558,0.707917993,0.767208679
1.554632914,1.044198788,2.622224187,3.920466917,2.786219823,0.995486501,2.699931922,-1.362546133,1.481688589,0.027253137,0.713798353,0.457124102
0.213212122,1.698034944,0.766645944,3.195051545,1.895917213,0.552416442,2.718188312,-2.751381919,-0.889384125,0.928678827,0.976660954,0.801479506
0.641748063,1.140161487,5.528839127,3.220894724,3.925032545,0.303337718,2.776962814,-1.649802427,1.426902174,0.81676968,0.870502379,0.152817616
1.129406381,1.619777538,1.158489354,2.483333485,2.935532,0.116828028,2.816686825,-2.894194541,-1.011202063,0.744510126,0.921002258,0.183213877
1.026429311,1.663774667,0.846127615,2.892977299,3.095606853,0.13456532,2.935525685,-1.029480857,1.960716166,0.168824553,0.117532321,0.49213194
0.228070687,1.63032983,5.61891164,3.151686233,3.816146465,0.438951244,2.3726863,-5.214846169,1.36526178,0.6782843,0.616109745,0.018572123
0.00615392,1.300521072,4.440039239,1.740400918,3.770031971,0.533634955,1.784824196,-3.504478913,2.453070052,0.758491884,0.594837705,0.250570702
0.310035188,1.483781446,0.224129527,3.744984265,3.681306312,0.719369453,1.235032009,-3.064157181,2.451830133,0.623554503,0.624333043,0.469973017
1.980292757,1.464733807,0.760239663,3.957023141,3.902147199,0.588240156,2.373780245,-4.134086215,-2.194593831,0.62352076,0.366184715,0.001877072
0.008934658,1.439434031,4.475508249,2.62610792,2.172129763,0.4813536,1.379995183,-5.453285554,1.435950898,0.823340995,0.557197266,0.186869668
1.244911254,1.688351632,1.462234523,1.44469954,2.183765245,0.521307168,1.357093953,-5.890577184,-1.772241969,0.486048514,0.024089114,0.785743839
1.846442723,1.250687896,0.57003168,2.794214263,3.810684849,0.9245476,1.594905762,-1.010369213,-0.521444023,0.571335127,0.749197154,0.865931314
0.984709286,1.532670046,2.733333171,3.035832218,3.537588972,0.268461637,1.092722582,-4.664218952,2.373848882,0.608562257,0.359466153,0.603617799
0.355997097,1.273791938,5.429609269,2.824957446,3.517450481,0.588018317,1.046132002,-0.790217176,2.329650758,0.663152176,0.83679269,0.158917959
0.107035943,1.434104011,0.870293549,2.861969512,1.017996789,0.390618124,2.64065003,-3.425335895,2.569983035,0.556464278,0.964021981,0.545807842
0.983314941,1.398851973,1.154459948,3.669187969,2.900002544,0.446502733,2.263149711,-0.666174224,-2.779695938,0.016971628,0.997190571,0.461783975
1.660065826,1.650467839,2.010436821,2.315359123,3.800002685,0.972779051,2.732814531,-2.641918618,0.327378717,0.765696803,0.769428043,0.157126078
0.14016853,1.484488757,3.729989167,2.914861101,2.200182873,0.222729034,2.19729902,-2.554318168,0.020405361,0.592045341,0.471428521,0.937053425
1.733031214,1.161210375,0.263108793,2.248190009,1.831667735,0.16831826,2.267071535,-5.518351701,1.922232684,0.118718914,0.155790019,0.514102774
0.022667071,1.470047286,5.991794429,1.803753182,3.879342977,0.943608243,1.464970142,-0.230745563,-2.439332387,0.555085584,0.993948895,0.583704169
0.182444074,1.052220885,1.64703647,1.323684307,1.580281707,0.168221261,2.263385517,-4.670058957,2.815058507,0.180059178,0.942040042,0.615814004
1.726153371,1.692986935,3.045435375,3.558617052,1.959542486,0.415489604,1.554051505,-3.445287712,-1.556556963,0.58864918,0.470496736,0.870037464
1.680247447,1.384583842,3.358905126,3.63119549,3.617672127,0.513922404,2.976412023,-4.859199325,1.93921687,0.824057924,0.865857133,0.873075885
0.432757818,1.584176221,1.647007025,2.368671239,2.892057807,0.768164605,2.362975482,-1.423854593,1.563502101,0.733437797,0.44589632,0.651821574
0.972532541,1.699393761,4.437447197,3.319836695,3.985191629,0.75519924,1.180302872,-0.145479961,-2.098699852,0.886383196,0.354326387,0.009692852
0.900586024,1.60953526,5.159156374,2.121440365,2.791677333,0.481338716,1.266491488,-1.105349881,-1.24987208,0.896893509,0.957967917,0.464478819
1.171925585,1.578984463,0.774427199,1.199955295,3.187123051,0.889243295,1.960149493,-3.7249114,2.041278467,0.5269586,0.659815627,0.779177187
1.681597953,1.611549554,4.258113539,2.724178661,1.236546588,0.295187451,1.324932757,-3.331200557,-1.666204868,0.765743128,0.795476446,0.562994824
1.730159502,1.669873341,0.51557053,1.580319015,1.376775326,0.440546815,2.782127072,-2.760019844,-0.525266751,0.461559069,0.494020551,0.512124373
0.428300052,0.803359124,4.639935747,2.267759305,1.59253267,0.11744731,2.806801748,-1.754139188,-0.497182658,0.169154567,0.874017821,0.177626689
0.845625968,1.412778721,1.736811607,3.108331809,3.434400382,0.118910693,1.275262332,-2.490359406,-1.380570865,0.721521728,0.79459139,0.323054368
1.120909933,1.451443995,2.697891302,3.339364406,3.15412007,0.641684872,1.589144294,-0.072208383,0.008959795,0.646179208,0.34589809,0.825001977
0.409942587,1.085020999,4.542462733,3.943218194,2.455776296,0.238151987,2.473010553,-4.81887891,2.602925895,0.253692792,0.994273374,0.543377091
1.824630635,1.278622733,3.679660958,2.905512043,3.297685348,0.425185009,2.020351756,-1.00304292,-0.932617807,0.67172147,0.75267069,0.993568228
1.967906914,1.677969261,5.822370565,3.534762522,3.956374385,0.440886532,1.067167981,-4.938341138,0.301558962,0.571451431,0.314290236,0.764100467
0.67672395,1.280024708,5.290368385,3.15296586,3.978713654,0.984231371,2.288816277,-4.259274408,1.261958514,0.801113186,0.511871749,0.235337288
1.317969528,1.189839797,5.165351411,3.869443258,3.076844337,0.183048858,2.297839815,-4.475446343,-2.602420691,0.760171792,0.648513174,0.666443165
1.761474769,1.556285814,3.55031376,2.360306605,2.556323828,0.953002984,2.586736643,-2.776786148,1.322492499,0.370444416,0.451933487,0.588023544
0.299845537,1.40297059,3.014998841,3.542986704,1.376189444,0.766396078,2.965895001,-3.072956142,2.007499177,0.573679987,0.532464145,0.853906833
1.141230156,1.308600773,0.800374195,1.509969644,3.480659216,0.495937039,1.622839632,-0.470700083,-2.335952422,0.606711429,0.587420637,0.967515869
1.75323467,1.425860736,5.726063608,2.57782494,1.43528854,0.704679013,2.932190989,-3.310441062,-1.64944616,0.671351513,0.926816774,0.035807055
1.185194788,1.036226059,4.02370878,3.047683473,1.378946684,0.208501946,2.912409739,-4.238518087,2.205757304,0.144434403,0.988389733,0.375020448
0.695325763,1.144036702,0.692059757,3.012592198,3.152469739,0.254727598,2.966299094,-5.742699238,2.963564279,0.628208204,0.646808815,0.583371351
0.796553338,1.668726895,0.657879515,2.155093076,3.368272552,0.551398536,1.256019647,-5.93626611,-1.312894646,0.406124515,0.503598983,0.4390393
1.378996716,1.504551222,5.700710329,3.621434682,1.4129946,0.577098947,1.709438235,-5.590206896,-2.020624035,0.604001464,0.259501572,0.327244986
1.308055931,1.549997055,1.78834923,2.348787124,3.352391847,0.918991401,1.240260318,-3.875667978,2.984852646,0.453168921,0.782907996,0.705832772
0.44954847,0.938466503,2.92569602,3.857605429,3.611109013,0.430917115,2.496579468,-0.584251435,0.22255689,0.381102038,0.843495635,0.551361731
1.185746621,1.248669326,2.666880462,1.511380383,3.148060592,0.846610053,2.982489043,-2.813842921,0.002601176,0.686030075,0.475213685,0.639662016
0.303903677,1.346596529,1.829701348,2.735761067,1.187086255,0.470110324,2.556464207,-3.175183983,-0.525184328,0.751130987,0.812834322,0.764114445
1.18226329,1.336582818,3.246972937,3.042834061,1.087994167,0.674796722,2.023329182,-3.652347442,-0.041259319,0.767930953,0.705785065,0.800440315
0.420392141,1.591677973,4.278461203,1.356929333,2.743417043,0.939343934,1.295961392,-5.449474485,0.156235146,0.578828926,0.121439585,0.064245103
0.334049554,1.109636413,0.723842106,3.876699564,2.424744714,0.85963835,1.21361389,-5.521582917,0.462679229,0.703629334,0.849872102,0.561296293
1.761772619,1.66818542,5.12834017,2.063996108,2.809858741,0.473258696,2.999543617,-0.075049505,-1.295555867,0.594749959,0.475016679,0.989810542
1.562030793,1.294458618,1.578331031,3.145602692,2.54122694,0.646832527,1.150180938,-3.100116695,0.325227181,0.547979026,0.283202693,0.927166517
0.393871642,1.13133538,2.39586873,3.490676506,1.271836101,0.642253705,2.544851883,-5.315833808,1.869724121,0.55699755,0.820032975,0.821238655
1.538325772,1.555647942,4.797349401,1.743538551,2.81212968,0.470735796,1.193157802,-0.445977079,-2.968940568,0.456884283,0.783348231,0.472505825
1.747245801,1.27666218,2.632239517,1.528614036,1.877730173,0.528584163,1.476206672,-3.251785154,-0.79304788,0.629096321,0.490861989,0.775720984
0.112884409,1.668717354,0.648754018,1.790492419,3.453645505,0.532074991,1.314682003,-2.717549625,1.098938225,0.486486385,0.772107904,0.251955584
0.422319826,1.04532333,2.102070487,2.910924418,1.240567766,0.302305444,2.531957622,-4.557867736,-1.689701388,0.98224675,0.78476024,0.935957254
1.413842822,0.985662976,0.95881734,3.981674268,3.479535741,0.665258175,2.017793749,-0.301305163,0.95242542,0.571569129,0.897991761,0.071875294
1.301657197,1.463544517,2.742957083,2.392818629,3.523669304,0.741267919,1.425962218,-4.312961502,1.561289707,0.743910821,0.640559367,0.029749748
1.836350374,1.581503567,5.161326949,2.078973914,3.192420353,0.404502262,2.52018578,-1.323273743,-1.812382564,0.272936525,0.248926714,0.007324574
0.061958248,0.858643686,2.427143547,2.724765822,3.699196962,0.596414376,1.068428197,-3.80255671,-2.308448727,0.66386611,0.783367208,0.855788273
1.286773725,1.239719032,4.151062743,2.874232732,2.178540255,0.636636658,1.215470727,-5.264249866,-1.950134363,0.685280636,0.623538034,0.683559538
1.715559662,1.364866501,4.4900132,1.466938566,3.644985125,0.103909961,2.232870243,-0.665839636,1.92715004,0.280950546,0.941894284,0.331985318
1.84394078,0.991812348,5.788444154,2.492271964,1.872335001,0.409721803,2.31305762,-3.734661558,-1.450580866,0.80386458,0.908154321,0.422055723
0.347220771,1.472883804,1.471059559,1.936881192,1.591562047,0.376675088,2.380756592,-5.985622513,-0.675230807,0.956138805,0.561694225,0.417596732
1.271987011,1.12598953,0.287949313,3.596549105,1.56590584,0.944972392,1.002331775,-1.775998514,2.078543909,0.807437026,0.962412346,0.355121757
0.153571972,1.320668838,2.051350652,2.737783348,3.693429909,0.772576496,1.905793872,-3.390508829,1.039632102,0.847874055,0.764140227,0.443023606
1.310911288,0.875033842,4.152263971,1.873415201,2.936583624,0.742599033,1.643287803,-5.146234336,-0.028670709,0.547120659,0.354496065,0.848891207
0.199961527,1.243304886,2.008224574,3.062269522,2.125814222,0.224505009,2.836739886,-4.438073249,1.510033186,0.552290778,0.649279571,0.074891739
0.20621553,1.329456083,0.731084585,3.922566598,2.496235368,0.599462422,2.35986723,-1.143692572,-1.623467855,0.738541763,0.504948948,0.686619477
1.333731583,1.263289177,1.43851516,3.924818925,2.757347797,0.433171425,2.563324225,-5.398160317,-0.94906304,0.403764398,0.519380586,0.471503742
0.069363462,0.987839376,4.719081348,2.605390356,1.033717581,0.556545379,2.303174432,-1.736119261,-1.428996335,0.946343467,0.982573878,0.105460327
1.618181082,1.579271967,3.635320807,1.382061593,2.071413541,0.796080394,2.229738647,-4.45701592,-2.103394586,0.517214749,0.485166249,0.45411896
0.133857592,1.534041886,3.544441217,2.589652553,3.691865456,0.314460226,1.82255044,-0.471999878,-2.074539055,0.516084969,0.092035478,0.900980917
1.593143748,1.681826602,2.655303389,2.434257693,3.515692172,0.152126951,2.06349896,-3.245639769,-0.898582511,0.891180355,0.890661263,0.258110443
1.146542206,1.448214641,2.964682355,3.697933939,3.363043908,0.733949779,1.076334899,-2.451245205,2.603589785,0.821497109,0.512789364,0.068204127
1.697268033,1.442364612,2.572639244,3.471957775,3.671246806,0.918411102,2.604210679,-3.05991332,-2.100964391,0.615059313,0.302647561,0.97288501
1.193881873,1.165036566,0.56995478,3.782293207,3.329479892,0.395134945,1.604078679,-4.097055105,-0.121894034,0.889597777,0.791392967,0.280062305
1.847733716,1.116498347,0.664915572,1.753787007,2.89775762,0.964112747,1.394177925,-2.948248141,2.781255131,0.775755779,0.484840495,0.010722395
1.693464634,0.882632283,0.627037151,3.989050571,3.679733668,0.847739138,2.383125398,-4.111075897,-1.152814624,0.342707669,0.746086567,0.504604425
0.291530881,1.108031836,1.305903109,2.464527685,1.38202012,0.819842282,1.505859867,-1.553363448,2.0021579,0.550027425,0.485693241,0.791244058
1.197398908,1.261512153,2.056510785,2.06088091,2.648678173,0.100571905,1.342038956,-5.912245482,2.66635083,0.644606956,0.842389752,0.568420603
1.272137181,1.67969435,5.81472944,1.533830979,3.16018775,0.776011869,1.874748672,-3.589990371,1.516089177,0.487330233,0.493405768,0.938933123
0.001050567,1.419214855,4.694879386,2.968749887,1.418600795,0.493780242,1.079303267,-4.399477068,-0.602105868,0.481057568,0.000610989,0.92159158
